,No.,Name,Address,Time,Phone
0,527,영주가흥,경북 영주시 대학로 324,주중 07:30~23:00 주말 및 공휴일 08:30~22:00,054.636.8497
1,526,부산하단오거리,"부산광역시 사하구 낙동대로 458, 1,2층",주중 주말 동일 08:00~23:00,051.293.8897
2,525,안산휴게소 인천방향,경기 안산시 단원구 선부동 311 1층,주중 주말 동일 08:00~20:00,031..
3,524,안산휴게소 강릉방향,경기 안산시 단원구 선부동 311 2층,주중 주말 동일 08:00~20:00,031..
4,523,안산휴게소 강릉DT,경기 안산시 단원구 선부동 311,주중 주말 동일 08:00~20:00,031..
5,522,충남부여,충남 부여군 부여읍 사비로 108번길 4,주중 주말 동일 09:00~23:00,041.837.7737
6,521,대구K병원,"대구광역시 북구 칠곡중앙대로 357, 1층(태전동)","주중 08:00~23:00 주말,공휴일 08:00~22:00",053.201.8497
7,520,왕십리역사,서울특별시 성동구 왕십리광장로 17. 왕십리민자역사 4층,주중 주말 동일 09:00~22:00,02.2200.1297
8,519,울산중앙병원,울산 남구 문수로 472,주중 08:00~21:00 주말 및 공휴일 08:00~20:00,052.227.8824
9,518,토성농협,"강원도 고성군 토성면 학사촌길97,1층 파스쿠찌",주중 주말 동일 09:00~20:00,033.680.4525
10,517,부산범일,부산광역시 동구 조방로 45 1층 (덕원빌딩),주중 09:00~21:00 주말 및 공휴일 10:00~21:00,051.633.8497
11,516,안양1번가,경기도 안양시 만안구 안양로 304번길12 2층,주중 주말 동일 10:00~23:00,031.465.8497
12,515,김포운양 DI,경기 김포시 모담공원로167번길 109,주중 주말 동일 08:00~22:00,031.985.8088
13,514,구미강동DT,경상북도 구미시 옥계신당로 5안길 37,주중 주말 동일 08:00~22:00,054.473.8497
14,513,하남감일DI,경기도 하남시 동남로 451(감일동),주중 주말 동일 08:00~21:30,02.402.8497
15,512,전주효자DT,전라북도 전주시 완산구 쑥고개로 285,주중 주말 동일 06:00~22:00,063.225.7605
16,511,신림역,"서울특별시 관악구 신림동 1640-8, 1층",주중 주말 동일 08:00~02:00,02.876.0077
17,510,전주만성법조타운,전라북도 전주시 덕진구 만성중앙로 17,주중 주말 동일 08:00~22:00,063.214.1230
18,509,소노벨변산,전라북도 부안군 변산면 변산해변로 51,주중 주말 동일 07:30~21:00,063.580.8829
19,508,인천공항LS 2호점,인천시 중구 공항로 271 인천국제공항 제1여객터미널 3층 H구역,주중 주말 도일 07:00~20:00,032.743.8576
20,507,양평휴게소 서울방향,경기 양평군 양동면 여양3로 384-27,주중 주말 동일 08:00~22:00,031.8027.2191
21,506,서대문역,서울시 서대문구 충정로 60 KT&G 빌딩 1층,"주중 07:00~21:00, 토/공휴일 07:00~20:00, 일 휴점",02.6956.8497
22,505,김포DT,경기 김포시 김포대로 1135,주중 주말 동일 07:00~23:00,031.984.8497
23,504,경기광주휴게소 서울방향,경기 광주시 곤지암읍 만삼로 211,"주중 08:00~20:00, 주말/공휴일 08:00~22:00",031.8027.3945
24,503,대전문지,대전 유성구 문지로 299번길 86-11,"주중 08:00~22:00, 주말/공휴일 09:00~22:00",042.862.8497
25,502,서청주DT,충북 청주시 흥덕구 2순환로 1067-2,"주중 07:00~23:00 , 주말/공휴일 08:00~23:00",043.234.8497
26,501,동천동강병원,울산 중구 외솔큰길 215 (지번) 남외동 514-1,"주중8:00~18:00, 토요일8:00~13:00, 주말/공휴일 휴점",052.700.9711
27,500,예산휴게소(대전방향),충남 예산군 신양면 당진영덕고속도로 34,"주중, 주말 동일 08:00~20:00",041.334.0094
28,499,칠곡휴게소 서울방향,경상북도 칠곡군 왜관읍 경부고속도로 158,주중 주말 동일 08:00~20:00,054.975.1883
29,498,칠곡휴게소 부산방향,경상북도 칠곡군 왜관읍 경부고속도로 159,주중 주말 동일 08:00~20:00,054.975.2277
30,497,전주삼천,전라북도 전주시 완산구 용리로 54,주중 주말 동일 09:00~23:00,063.227.8497
31,496,덕소라임스퀘어,"경기 남양주시 와부읍 덕소로97번길 67, 라임스퀘어빌딩","주중, 주말 동일 08:00~22:00",031.577.8397
32,495,죽전휴게소 서울방향,경기도 용인시 수지구 경부고속도로 400,"주중, 주말 동일 8:30~20:30",031.262.8722
33,494,청주하나로,충북 청주시 상당구 무농정로32,"주중, 주말 동일 09:00~21:00",043.286.8882
34,493,남대전DT,대전광역시 동구 대전로 255,"주중, 주말 동일 07:00~22:00",042.272.9897
35,492,영등포병원,서울 영등포구 당산로 31길 10,"주중 08:00~21:00 , 토요일/공휴일 08:00~15:00, 일요일 휴점",02.2679.1999
36,491,영종하늘도시,인천 중구 하늘별빛로 65번길 8-21,주중 주말 동일 07:00~23:00,032.746.8497
37,490,파주야당,"경기도 파주시 경의로 1024,1층",주중 주말 동일 08:00~22:00,031.941.8497
38,489,화성반월DI점,경기도 화성시 반월동 311-75  1층,주중 주말 동일 08:00~22:00,031.267.4019
39,488,청주동남시티,"충죽 청주시 상당구 중고개로 129, 1층",주중 주말 동일 08:30~23:00,043.285.8350
40,487,신금호역,서울 성동구 무수막길 95 솔베이그빌딩,"주중, 주말 동일 08:00~22:00",02.2237.7842
41,486,경산중방DI,"경상북도 경산시 중방동 909 1,2층","월~목,일 9시~22시 / 금,토 9시~23시",053.814.8497
42,485,평택세교DT점,경기도 평택시 세교동 436-1,"주중, 주말 동일 07:00~22:00",031.651.8497
43,484,함안휴게소(순천),경남 함안군 군북면 현포로 205-1,"주중, 주말 동일 07:00~20:00",055.582.5470
44,483,부산사직,"부산광역시 동래구 아시아드대로 141, 1층","주중, 주말 동일 08:00~23:00",051.501.8497
45,482,의왕역,경기도 의왕시 삼동 208-12,"주중, 주말 동일 08:00~23:00",031.461.8625
46,481,대구법원,"대구시 수성구 동대구로 371-1, 1층","주중 07~22시 주말,공휴일 10~22시",053.753.8497
47,480,남양주알프하임,"경기도 남양주시 백봉로 32, B-2동 지1층 101~105호(호평동 두산 알프하임 상가동)","주중, 주말 동일 08:00 ~ 21:00",070.8806.8497
48,479,파주문산DI,"경기도 파주시 문산읍 우계로 424, 101호","주중,주말 동일 09:00~21:00",031.953.8497
49,478,세종베스트웨스턴호텔,"세종특별자치시 도움1로 7, 1층 111~116호(어진동540)","주중 7:30~22:00	주말,공휴일 9:00~22:00",044.866.8497
50,477,천호로데오,"서울시 강동구 구천면로 212, 1층","주중 8:30 ~ 22:30, 주말/공휴일 : 8:00 ~ 22:30",02.484.8497
51,476,유명산DI,경기도 가평군 어비산길 16,"주중, 주말 동일 09:00~21:00",031.584.0507
52,475,창녕점,경남 창녕군 창녕읍 화왕산로 134,"주중, 주말 동일 10:00~23:00",055.532.8497
53,474,제주한라대,"제주특별자치도 제주시 고사마루길 2, 1층","주중, 주말 동일 07:00~01:00",064.744.8497
54,473,용산삼각지,"서울 용산구 한강로2가 426 용산트리스퀘어 101동 104호, 105호(용산구 백범로 99길 40)","주중 7:30~22:00 주말,공휴일 8:00~22:00",02.794.8497
55,472,대구가톨릭대로 DI,대구 남구 두류공원로 64,"주중, 주말동일 09:00~24:00",053.621.3269
56,471,광주쌍촌,"광주광역시 서구 상일로 58 1층,2층","주중, 주말 동일 09:00~23:00",062.371.8497
57,470,대전원내,대전 유성구 진잠로92번길 85,주중 주말 동일 08:00~02:00,042.544.8497
58,469,울산남구무궁화점,울산광역시 남구 왕생로 146(달동),"주중, 주말 동일 07:00~01:00",02.256.8498
59,468,한마음국제의료원점,"경상남도 창원시 의창구 용동로 57번길 8, 1층","주중 08:00~20:00/주말, 공휴일 10:00~18:00",055.275.3535
60,467,해운대중동점,"부산광역시 해운대구 좌동로 47, 1층","주중, 주말 동일 08:00~23:00",051.746.7617
61,466,청주시실리점,충북 청주시 흥덕구 강내면 가로수로 480,"주중, 주말 동일 10:00~22:00",043.238.3388
62,465,광양중마점,전라남도 광양시 시청로 62 101동 111호 e편한세상,"주중, 주말 동일 07:00~22:00",061.791.8082
63,464,성신여대점,서울시 성북구 동소문로 115-1,"(주중, 공휴일)07:00~23:00 / (주말)07:00~24:00",02.929.7067
64,463,수원시청역점,경기도 수원시 팔달구 인계로 166번길 48-21,"(주중)08:00~22:00 / (주말, 공휴일)08:00~23:00",031.233.5400
65,462,원주터미널점,"강원도 원주시 서원대로 165-1, 1층(단계동)","주중, 주말 동일 10:00~24:00",033.731.5798
66,461,용인(인천)휴게소 상행점,경기도 용인시 처인구 고림동 81-2(주북로 94번길 66-14),"주중, 주말 동일 08:00~20:00",031.339.3660
67,460,용인(강릉)휴게소 하행점,경기도 용인시 처인구 고림동 12-6(주북로 94번길 30-1),"주중, 주말 동일 08:00~20:00",031.339.3663
68,459,북대전점,"대전 유성구 대덕대로 1097 (송강동 141-2, 1,2층)","주중, 주말 동일 08:00~21:00",042.934.8597
69,458,목포 옥암법원점,전라남도 목포시 정의로 10,(월~금)08:00~22:00,061.282.8497
70,457,광주매곡점,광주광역시 북구 서하로 79,"주중, 주말 동일 08:00~24:00",062.575.2292
71,456,부산당감점,"부산 부산진구 동평로 83, 1층",(월~토)08:00~22:00 / (일)09:00~22:00,051.892.8497
72,455,진영(부산) 휴게소점,경남 김해시 진영읍 하계로 96번길 94-4 진영(부산)휴게소,"주중, 주말 동일 08:00~20:00",055.334.8700
73,454,성산포수협,제주 서귀포시 성산읍 성산등용로 91,"주중, 주말 동일 10:00~22:00",064.782.3169
74,453,제주한림점,제주도 제주시 한림읍 한림남1길 3,"주중, 주말 동일 08:00~22:00",064.796.4557
75,452,장안사거리점,"서울시 동대문구 장한로 130, 1층","주중, 주말 동일 08:30~22:00",02.3394.8497
76,451,울산무궁화점,울산광역시 남구 돋질로 359,"주중, 주말 동일 08:00~24:00",052.227.8498
77,450,김천교동 D/T,"경상북도 김천시 대학로 75, 나동 1-2층(교동)","주중, 주말 동일 07:30~23:00",054.435.8497
78,449,인천D/T,"인천 연수구 비류대로 11, 2동","주중, 주말 동일 07:00~23:00",032.831.8497
79,448,대전송촌점,"대전시 대덕구 계족산로 81번길 101, 1층(송촌동)","주중, 주말 동일 09:00~24:00",042.632.8497
80,447,청주죽림 D/I,충청북도 청주시 서원구 대림로 427 1층,"주중, 주말 동일 09:00~23:00",043.231.8497
81,446,대전카이스트점,대전 유성구 대학로 291,"주중, 주말 동일 08:00~23:00",042.863.8497
82,445,부산개금백뱅원점,"부산 부산진구 엄광로 37 1, 2층","주중, 주말 동일 08:00~23:00",051.897.8497
83,444,마산역 D/I,"경남 창원시 마산회원구 3.15대로 703, 1층(석전동)","주중, 주말 동일 00:00~24:00",055.253.1717
84,443,광주문흥점,광주시 북구 서하로 353-1,"주중, 주말 동일 08:00~23:00",062.262.8497
85,442,신사역점,"서울시 서초구 강남대로 101길 7, 지하1층, 지상1층(잠원동, 루미에르신사)","(월~토, 공휴일)07:30~22:30 / (일)08:30~20:30",070.4282.5757
86,441,계양구청점,인천 계양구 오조산로57번길 11,"주중, 주말 동일 08:00~24:00",032.543.4343
87,440,평택 힐스테이트점,경기 평택시 세교동 10-1 디오네프라자 1층,"(주중)08:00~23:00 / (주말, 공휴일)09:00~23:00",031.656.8088
88,439,전주 김제 모다아울렛점,전라북도 김제시 용지면 부교리 44-1번지,(주중)10:30~20:30 / (주말)10:00~21:00,063.540.9410
89,438,안산성포점,경기도 안산시 상록구 성포동 587-1 드림빌딩 2층,"주중, 주말 동일 09:00~24:00",031.401.8497
90,437,대구 남산역점,대구시 남구 명덕로 116 1층,"(주중)08:00~24:00 / (주말, 공휴일)08:00~01:00",053.626.8497
91,436,부산 가덕도점,부산시 강서구 가덕해안로 612,"주중, 주말 동일 10:00~22:00",051.941.8497
92,435,유성온천역점,대전광역시 유성구 계룡로 92,"주중, 주말 동일 08:00~23:00",042.826.8498
93,434,안산중앙점,"경기도 안산시 단원구 고잔로 88 , 지스타 105,106호","주중, 주말 동일 07:00~02:00",031.405.8497
94,433,경인교대역점,인천 계양구 계산천동로1,"주중, 주말 동일 07:00~24:00",032.541.4040
95,432,해남군청점,"전란남도 해남군 해남읍 북부순환로 112, 동우빌딩 1,2층","주중, 주말 동일 08:00~23:00",070.4369.8497
96,431,기쁨병원점,"서울시 서초구 서초중앙로 4 ,1층","(주중)07:00~20:00 / (주말, 공휴일)09:00~18:00",02.570.1210
97,430,서귀포일호광장점,제주 서귀포시 서문로 1(서귀동),"주중, 주말 동일 08:00~23:00",064.732.0007
98,429,인천운서점,인천 중구 백년로 128번길 21 스카이프라자 1층,"주중, 주말 동일 08:00~23:00",032.752.8497
99,428,광안비치점,"부산 수영구 광안해변로 165 광안지웰에스테이트 1,2F","주중, 주말 동일 09:00~24:00",051.757.8497
100,427,대구라온제나점,"대구광역시 수성구 범어천로 13 1층 102,103호","주중, 주말 동일 09:00~23:00",053.767.8497
101,426,행담도휴게소,충남 당진시 신평면 서해안고속도로 275,"(주중)06:00~22:00 / (주말, 공휴일)06:00~24:00",02..
102,425,청주테크노폴리스,"충북 청주시 흥덕구 송화로 166번길 20, 1층","주중, 주말 동일 10:00~23:00",043.277.8497
103,424,트윈시티 남산,서울시 용산구 한강대로 366 1층,"(월~토) 07:00~22:30 / (일, 공휴일) 07:00~22:00",02.3789.4534
104,423,일산 D/I,경기도 고양시 일산서구 일산로 646,"주중, 주말 동일 08:00~24:00",031.911.8497
105,422,부산화명,부산시 북구 금곡대로 303번길 36,"주중, 주말 동일 09:00~23:00",051.363.8497
106,421,제주봉개 D/I,"제주 제주시 번영로 430, 1층","주중, 주말 동일 08:00~23:00",064.727.8497
107,420,대구 반월당제네스점,"대구광역시 중구 중앙대로 312 반월당아너스제네스타워109호,207호,208호","주중, 주말 동일 07:00~23:00",053.254.8497
108,419,김천휴게소(하),경북 김천시 농소면 경부고속도로 김천(부산)휴게소,"주중, 주말 동일 08:00~20:00",054.435.0211
109,418,김천휴게소(상),경북 김천시 농소면 경부고속도로 김천(서울)휴게소,"주중, 주말 동일 08:00~20:00",054.433.1523
110,417,충남태안점,"충남 태안군 태안읍 중앙로 152, 1층 파스쿠찌 (동문리 259-2)","주중, 주말 동일 09:30~22:00",041.672.8497
111,416,동해해안도로 D/I,"강원도 동해시 해안로 374,1층","주중, 주말 동일 09:00~22:30",033.534.2746
112,415,김해진영점,경남 김해시 진영읍 김해대로 361번길 9,"(월~목, 일)09:00~23:00 / (금~토)09:00~01:00",070.4032.8497
113,414,대구용산점,"대구시 달서구 용산로 231 1,2층",(일~목)09:00~23:30 / (금~토)09:00~24:00,053.523.8497
114,413,수성구청역,"대구시 수성구 달구벌대로 2485, 1층","(주중) 07:00~23:00 / (주말,공휴일) 09:00~24:00",053.744.8497
115,412,서김해점,경상남도 김해시 풍유동 66-1번지,"주중, 주말 동일 09:00~23:00",055.323.8497
116,411,신기사거리점,"인천 미추홀구 미추홀대로 594 1동, 1층(주안동,동경프라자)","주중, 주말 동일 08:00~24:00",032.832.9911
117,410,신세계마산,경상남도 창원시 마산합포구 합포로 251(신세계백화점 8층),"주중, 주말 동일 11:00~20:00",055.240.1791
118,409,광희점,서울시 중구 퇴계로 307 광희빌딩 1층,"(주중) 07:00~19:00 / (주말, 공휴일) 휴무",02.2278.8088
119,408,하남미사강변점,경기도 하남시 미사강변중앙로111번길 38,"주중, 주말 동일 08:00 ~ 22:30",031.792.8297
120,407,강남고속터미널점,"서울시 서초구 신반포로 194, 본관 1층 22호(반포동)","주중, 주말 동일 09:00~22:00",02.533.5773
121,406,용인역북점,"경기도 용인시 처인구 명지로 24, B117~118, 121~122호(역북동, 더럭스나인 애비뉴)","주중, 주말 동일 09:00~23:00",031.322.8497
122,405,석촌호수점,서울시 송파구 송파대로49길 37 아쉬세븐빌딩 1층,"주말, 주중 동일 07:30~22:00",02.2135.2378
123,404,광명철산점,경기도 광명시 철산동 437번지,"(월~목, 일) 08:00~01:00 / (금~토) 09:00~02:00",02.2614.0708
124,403,계룡DT점,충남 계룡시 엄사면 엄사리 32-2,"주중, 주말 동일 07:00~23:00",042.841.8497
125,402,제주세화 D/I,제주 제주시 구좌읍 일주동로 3126,"주중, 주말 동일 08:00~22:00",064.784.8497
126,401,청주성화,"충청북도 청주시 서원구 서부로 1348, 성화BD 1F","주중, 주말 동일 09:00~24:00",043.232.8497
127,400,동탄2영천동,경기도 화성시 동탄영천로 81-9 로얄프라자 1층,"주중, 주말 동일 8:00~23:00",031.372.6265
128,399,대구다사점,대구광역시 달성군 다사읍 달구벌대로 858,"주중, 주말 동일 08:00~24:30",053.581.8497
129,398,수원권선DT점,"경기도 수원시 권선구 서수원로 245,1층(오목천동)","주중, 주말 동일 07:00~23:00",031.293.8497
130,397,평택험프리스점,"경기도 평택시 팽성읍 안정쇼핑로 52,101호","주중, 주말 동일 06:30~21:00",031.658.8497
131,396,구리수택점,경기도 구리시 경춘로 200,"평일, 주말, 공휴일 동일 08:00~24:00",031.553.0405
132,395,대구태평메가타워점,"대구광역시 중구 태평로 114(태평로3가, 메가타워)","(월~금) 9:00~22:00 / (토~일, 공휴일) 10:00~19:00",053.422.8497
133,394,화성시청점,경기도 화성시 남양읍 역골로 9-4,"(월~토) 08:000~23:00 / (일요일, 공휴일) 09:00~22:00",031.366.8498
134,393,광주하남점,광주광역시 광산구 단전둘레길 18,"주중, 주말 동일 09:00~22:00",062.448.9099
135,392,대전학하점,"대전광역시 유성구 학하로 98 (학하동, 1층)",(평일) 08:00~22:00 / (주말) 08:00~22:00,042.823.8497
136,391,포항시청점,경상북도 포항시 남구 대이로 39,"(평일, 주말) 10:00~22:30",054.274.8497
137,390,나주빛가람종합병원점,전라남도 나주시 빛가람동 266-4,(평일)  08:30~21:00 / (주말) 09:00~21:00,061.820.8497
138,389,대구화원DI점,대구광역시 달성군 화원읍 사문진로 422,(평일/주말) 09:00~02:00,053.623.8497
139,388,안산고잔점,경기도 안산시 단원구 고잔동 771-1 창진타운 130호,(평일/주말) 24시간 영업,031.439.8497
140,387,부산강서점,부산광역시 강서구 체육공원로6번길 184,"(평일, 주말) 9:00~ 23:00",051.831.8497
141,386,청주용평로점,충청북도 청주시 서원구 분평동 621-4번지 1층,(일~월) 10:00~23:00,043.292.8497
142,385,까치산역점,서울시 강서구 곰달래로 134,"(월~목, 일, 공휴일) 08:00~24:00 / (금,토) 08:00~01:00",02.2602.8497
143,384,평택소사벌점,경기도 평택시 비전5로 10 평택 가로수길 센트럴돔 1층,"(일~목) 09:00~24:00 /(금,토) 09:00~02:00",031.654.8497
144,383,제주영어교육도시점,"제주도 서귀포시 대정읍 에듀시티로239번길 8, 131,132호",(평일) 07:30~22;30 / (주말) 08:00~23;00,064.792.8497
145,382,대전시청점,"대전광역시 서구 둔산남로 103,1층(둔산동)","(일~목) 09:00 ~ 24:00  / (금,토) 09:00 ~ 01:00",042.472.8497
146,381,대구중앙로점,대구광역시 중구 중앙대로 421,"주중, 주말 동일 07:00-03:00",053.253.8388
147,380,수원호매실점,"경기도 수원시 권선구 금곡로 201, 1층",(주중/주말) 08:00~23:00,031.278.7900
148,379,창원대동백화점,"경상남도 창원시 성산구 원이대로 730, 창원대동백화점 1F","(평일, 주말 동일) 08:00~23:00",055.212.8885
149,378,창원상남점,경상남도 창원시 성산구 상남동 19-4,"(평일,주말) 09:00 ~ 01:45",055.266.8497
150,377,전주에코시티점,전라북도 전주시 덕진구 송천동2가 354-1번지,"주중,주말 동일 09:30~21:30",063.903.9929
151,376,가평휴게소 하행선점,경기도 가평군 설악면 미사리로 540번길 51,"주중,주말(동일) 07:00~22:00",02..
152,375,가평휴게소 상행선점,경기도 가평군 설악면 미사리로 544,"주중,주말(동일) 07:00~22:00",02..
153,374,원주행구길카페점,강원도 원주시 행구로 466(행구동 198번지),"주중, 주말 10:00~22:00",033.742.8497
154,373,목포해상케이블카유달산점,"전라남도 목포시 해양대학로 240, 1층 2101호(죽교동, 유달산STA)","평일 09:00~21:00 / 주말, 공휴일 09:00~22:00",061.244.8497
155,372,야탑역점,경기도 성남시 분당구 성남대로926번길 18,오전 7시 30분 ~ 밤 12시 30분,031.708.8497
156,371,천안신부점,충청남도 천안시 동남구 만남로 28 천안문빌딩 2층,09시 30분 ~ 22시,041.555.8797
157,370,김해부원역점,"김해시 김해대로 2349, 1층(부원동, 그린코아더센텀)",8시~23시,055.322.8497
158,369,송도유원지점,인천시 연수구 청량로 125,10:00 ~ 23:00,032.834.8497
159,368,전주 백제대로DT점,전라북도 전주시 덕진구 백제대로 556,"주중,주말 동일 / 07:30 ~ 00:00",063.227.8520
160,367,전남화순점,전라남도 화순군 화순읍 쌍충로 84,"주중, 주말 08:00~23:00",061.371.1216
161,366,대전죽동점,"대전광역시 유성구 죽동로297번길 46, 1층",평일 09:00 ~ 23:00 / 공휴일  10:00 ~ 23:00,042.825.8497
162,365,성남신흥역,경기 성남시 수정구 산성대로 267 롯데시네마타워 2층,"월~목, 일 09:00~24:00 / 금,토, 공휴일 09:00~01:00",031.606.8497
163,364,상무타임스점,"광주광역시 서구 상무중앙로 58, 타임스타워 1층",08:00~22:00,062.373.8497
164,363,대구칠곡태전DT,대구 북구 칠곡중앙대로 238,주중 주말 동일 (1층) 09:00~24:00 / (2층) 13:00~23:00,053.321.8497
165,362,대구국가산단점,대구 달성군 국가산단대로42길 5-23,09:30 ~ 21:00,053.214.8497
166,361,역삼테헤란점,"서울시 강남구 테헤란로 151, 1층 (역삼하이츠빌딩)",평일 07:00~24:00 / 토 08:00~24:00 / 공휴일 08:00~22:00,02.552.8497
167,360,광명역자이스트릿점,"경기도 광명시 광명역로 28,근린생활시설 1층",주중 주말 동일 08:00~23:00,02.897.8854
168,359,경산월드컵대로점,경북 경산시 삼성현로 50,평일/주말 10:00-24:00,053.817.8497
169,358,해운대장산점,부산광역시 해운대구 세실로69번길 17,월~목 08:00 ~ 01:00 / 금~토 09:00 ~ 03:00 / 일 09:00 ~ 01:00,051.702.8497
170,357,진하비치점,울산광역시 울주군 서생면 깨목4길 15,매일 09:00 ~ 22:00,052.237.8497
171,356,이대서울병원점,서울특별시 강서구 공항대로 260,평일 07:00 ~ 23:00 / 주말 08:00 ~ 22:00,070.8181.3112
172,355,삼척점,"강원도 삼척시 척주로 21 (남양동, 1, 2 층)","월~금 08:00~23:00 / 주말, 공휴일 08:00~23:00",033.575.8497
173,354,첨단리버사이드DT점,광주광역시 북구 임방울대로 945 (신용동 477-12),"07시 ~ 24시 (주중,주말,공휴일 동일)",062.574.8497
174,353,세종고운점,세종특별자치시 마음로 272-5,"평일, 주말 08:00~23:00",044.863.8496
175,352,부산송도해변점,"부산시 서구 송도해변로 79 (암남동, 2층)","평일, 주말 09:00~24:00",051.257.8497
176,351,광교법조타운점,"경기도 수원시 영통구광교중앙로248번길 95-3 (하동, 1층)","월~금 08:00~22:00 / 주말, 공휴일 09:00~22:00",031.211.3232
177,350,서울대관정도서관점,"서울시 관악구 관악로1 서울대학교 관정도서관 부속동 2,3층",매일 7:00 ~ 22:00,02.875.8497
178,349,대전성모병원점,"대전광역시 중구 대흥로 64 (대흥동, 1층)","월~토 08:00~21:00 / 일,공휴일 10:00~21:00",042.257.2588
179,348,전포카페거리점,부산 부산진구 전포동 692-5,월~목 08:00~ 24:00 / 금 08:00~ 25:00 / 토 09:00~ 25:00 / 일 09:00~ 24:00,051.818.6021
180,347,거제거붕백병원점,경상남도 거제시 계룡로 5길 14 거붕백병원,평일 08:00~18:00 / 토 08:00~16:00 / 일 08:00~14:00,055.733.0672
181,346,김포공항국내선점,"서울시 강서구 하늘길 112, 국내선 3층 (출발층, 동편)",05:00~21:00,02.2665.8497
182,345,대전봉명점,"대전광역시 유성구 온천북로 15, 1층 (봉명동 627-3)","월-목 09:00~01:00 / 금,토,공휴일 10:00~03:00",042.862.0004
183,344,대전코젤병원점,"대전광역시 유성구 계백로 927, 대전코젤병원 1층 1101호",평일/공휴일 08:00~22:00,042.545.3197
184,343,가재울점,서울시 서대문구 남가좌동 385,"평일 08:00 ~ 23:00 / 주말, 공휴일 08:00 ~ 23:00",02.304.8497
185,342,세종다정점,세종특별자치시 다정로 14 (다정동 산10),09:00~23:00,044.864.8497
186,341,서귀포신시가지점,제주 서귀포시 김정문화로27번길 10-1(강정동),08:00 ~ 23:00,064.739.8497
187,340,대구범어역점,대구광역시 수성구 달구벌대로 2386,"평일 08:00~23:00 / 주말, 공휴일 09:00~22:00",053.746.8497
188,339,대구 월배역점,대구광역시 달서구 월배로 168 아보스타워 1~2층,09:00 ~ 24:00,053.639.8497
189,338,아산배방점,충청남도 아산시 배방읍 배방로 88,8:00 ~ 23:00,041.542.8497
190,337,전주혁신점,"전라북도 완주군 이서면 오공로 11-13 108호, 109호",평일 08:00~23:00 / 주말 09:00~23:00,063.222.8497
191,336,제천장락점,"충청북도 제천시 청전대로 216, 재림빌딩 1층(장락동)",09:00~23:00,043.643.8497
192,335,광주 방림DT점,광주광역시 남구 대남대로 85,"주중, 주말 동일 09:00~23:00",062.651.8497
193,334,송도컨벤시아점,인천 연수구 센트럴로 123송도컨벤시아 M 18호,08:00~24:00,032.715.8467
194,333,구미문성지점,경상북도 구미시 고아읍 들성로 183,09:00~24:00,054.456.8497
195,332,충북영동점,충북 영동군 영동읍 난계로 1108,10:00~22:00,043.743.8497
196,331,순천문화의거리점,전라남도 순천시 중앙로 94-2,05:00~22:00,061.753.1002
197,330,부산온천장점,부산광역시 동래구 온천장로 89,월~목 8:00~23:00 / 금~토 10:00~02:00 / 일 9:00~24:00,051.553.8497
198,329,밀양점,경상남도 밀양시 밀양대로 1753-27(삼문동),"일~목 09:00~23:00 / 금~토, 공휴일 09:00~24:00",055.353.7711
199,328,동김해점,경상남도 김해시 인제로 9(어방동),09:00 ~ 23:00,055.333.6500
200,327,의정부민락제이맘점,"경기도 의정부시 오목로225번길 115(민락동) 제이맘태워 101, 201호",08:30~26:00,031.879.2626
201,326,충주칠금점,"충청북도 충주시 계명대로 29 1층 (칠금동, 금강빌딩)",08:00~24:00,043.855.8497
202,325,김포공항국제선점,"서울시 강서구 하늘길 38, 국제선 청사 1층 서편","평일,주말,공휴일 동일 06:30~23:00",02.2662.8497
203,324,포항성모병원점,"경상북도 포항시 남구 대잠동길 17, B1F",평일 08:00~21:00 / 토 08:00~19:00 / 일 10:00~19:00,054.277.8497
204,323,서충주신도시점,"충청북도 충주시 중앙탑면 기업도시로 222 서충주메디컬타워 2, 3층",09:00 ~ 22:00,043.846.5507
205,322,아산신정호점,충남 아산시 신창면 신정호길 268,10:00~23:00,041.534.0268
206,321,대전도룡점,"대전광역시 유성구 대덕대로 554, 지상 1, 2층(도룡동 399-1)","평일 08:30~23:00 / 주말, 공휴일 09:00~23:00",042.861.8497
207,320,대전용문점,"대전광역시 서구 괴정로 155 1, 2층","(평일)09:00~24:00, (휴일)10:00~23:00",042.522.8497
208,319,울산보람병원점,"울산광역시 남구 돋질로 336번길 10(삼산동, 울산보람병원 신관 1층)",08:00~21:00,052.272.8497
209,318,강진군청점,전라남도 강진군 강진읍 탐진로 103,08:00~23:00,061.432.8497
210,317,속초영랑호점,강원도 속초시 영랑호반길 575,07:00 ~ 22:00,033.633.8497
211,316,제주중문점,제주특별자치도 서귀포시 천제연로232번길 15,08:00~22:00,064.739.4477
212,315,화정샹그릴라점,"광주광역시 서구 내방로 337 1층 108호(화정동, 해광샹그릴라 센트럴 337)",10:00~24:00,062.352.8497
213,314,분당 정자역점,경기도 성남시 분당구 성남대로 331번길 9-9,"평일, 주말, 공휴일 07:30~23:00",031.713.8497
214,313,대전복합터미널점,대전광역시 동구 용전동 111-14,10:00~26:00,042.621.8497
215,312,인천공항 T1 탑승동점,"인천 중구 공항로 271, 인천공항 T1 여객터미널 탑승동 3층",06:00~22:00,032.743.7211
216,311,구미확장단지점,경상북도 구미시 산동면 신당리 1430,09:00~22:00,054.474.8497
217,310,포항영일대비치점,포항시 북구 해안로 131,09:00~24:00,054.248.3303
218,309,서초점,"서울특별시 서초구 서초동 1623-8, 9 B1","평일 08:00~23:00 / 주말, 공휴일 09:00~22:00",02.598.1436
219,308,대구강정고령보점,대구광역시 달성군 다사읍 강전본길 83 4F,10:00~24:00,053.591.8497
220,307,인천공항 T1 L/S점,인천 중구 공항로 271 인천공항 T1 여객터미널 일반구역,06:00~22:00,032.743.7527
221,306,부천역점,경기도 부천시 심곡동 385 까뮤스퀘어피노키오 1층,"평일 10:30~23:30 / 주말, 공휴일 10:30~23:30",032.652.0818
222,305,춘천후평사거리점,강원도 춘천시 춘천로 324,08:00 ~ 23:00,033.252.8500
223,304,진주휴게소점,경상남도 진주시 남해고속도로 194(호탄동),08:00~20:00,055.759.3205
224,303,천안신불당점,"충남 천안시 서북구 불당동 1544, 근린생활시설 13동 C103호",09:00~23:00,041.552.1544
225,302,공주신관점,충청남도 공주시 흑수골길 33 1층 101호,"평일 08:00 ~ 24:00 / 주말, 공휴일 08:00 ~ 24:00",041.853.7721
226,301,황전휴게소 하행점,전라남도 순천시 황전면 순천완주고속도로 25,황전휴게소 순천방향,061.782.1738
227,300,황전휴게소 상행점,전라남도 순천시 황전면 순천완주고속도로 28,08:00~20:00,061.782.1154
228,299,경북도청점,경상북도 안동시 풍천면 검무로 4-8,09:30~26:00,054.900.7002
229,298,팔공산가산산성점,경상북도 칠곡군 동명면 한티로 535,10:00~23:00,054.975.6989
230,297,부산센텀시티점,부산시 해운대구 센텀1로 25,"월~금(08:00~24시), 토~일(09:00~24:00), 공휴일(09:00~23:00)",051.744.8397
231,296,서대전세이점,대전 중구 계백로 1711,am10~am02시,042.535.8497
232,295,대구 신평리네거리점,대구시 서구 국채보상로 204,08:00~02:00,053.525.8497
233,294,속초청초호점,강원도 속초시 청학동 482-525 속초씨크루즈호텔 1층,08:00 ~ 24:00,033.635.8497
234,293,제주삼화지구점,제주 제주시 건주로4길 10-4 (도련1동 1939-3),08:00~24:00,064.722.8497
235,292,대구신남네거리점,대구광역시 달구벌대로 1999 척탑병원 1층,8:00~23:00,053.427.8497
236,291,용산더센트럴점,서울시 용산구 서빙고로 17(한강로3가) 1층 118호,"평일 08:00~23:00, 주말 및 공휴일 09:00~22:00",02.749.8497
237,290,시화나래휴게소 2호점,경기도 안산시 단원구 대부황금로 1901,08:00~22:00,02..
238,289,대구 월배비스타점,대구광역시 달서구 대천동 940,평일 09:00~23:00 주말 09:00~24:00,053.633.8497
239,288,익산부송점,전북 익산시 부송로 116 (부송동 1106-4),(월~일) 08:00~01:00,063.831.8497
240,287,대구대명역점,대구광역시 남구 대명로 73,"평일, 주말 08:00~24:00",053.656.8497
241,286,제주한라병원점,제주 제주시 도령로 73 (연동 1964-3) 2층,"(월~토) 08:00~23:00 / (일,공휴일) 08:00~22:00",064.749.8497
242,285,대구금호강변점,대구시 동구 지저동 843-1,"월~금, 일 08:00~23:00, 토 08:00~01:00",053.983.8497
243,284,제주도남점,제주 제주시 도남동 277,08:00~24:00,064.757.8297
244,283,광주학동점,광주광역시 동구 남문로 663(학동) 우리빌딩 1층,"월~토 8:00~23:00, 일 9:00~11:00",062.226.8497
245,282,대구칠호광장점,대구 달서구 달구벌대로 1696,"주중, 주말 동일 08:00~22:00",053.624.8497
246,281,울산정자해변점,울산광역시 북구 동해안로 1544(정자동),09:00~22:00,052.281.0620
247,280,울산수암로점,울산광역시 남구 신남로 103(신정동),09:00~24:00,052.258.3883
248,279,대전롯데점,"대전 서구 계룡로 599(탄방동91-23), 한밭새마을금고 1층","월~토,공휴일 08:00~24:00 / 일 08:00~23:00",042.484.8497
249,278,연세심혈관병원점,"서울시 서대문구 연세로 50-1, 1층(신촌동, 심장혈관병원)","월-금 07:30~17:30 / 토 07:30~14:00 / 일,공휴일 휴무",02.2227.8266
250,277,대구침산점,대구광역시 북구 옥산로 95,"월~목 08:00~01:00, 금~토 08:00~1:30, 일 08:00~24:00",053.269.1009
251,276,전북고창점,"전라북도 고창군 고창읍 중앙로 321, 1층",08:00~23:00,063.561.0080
252,275,영광백수해안도로점,전라남도 영광군 해안로 1389,09:00~22:00,061.351.8497
253,274,거제하청점,경남 거제시 하청면 하청리 857 -1,10:00 ~ 23:00,055.632.8397
254,273,울산굿모닝병원점,울산광역시 남구 달동 972번지 외(굿모닝병원 1층),"평일, 토요일 08:00~21:00 / 일요일 09:00~17:00",052.268.8492
255,272,강서NC백화점,서울특별시 강서구 강서로 56길 17 NC백화점 강서점 8층,10:30~21:00,02.2667.9922
256,271,대구금호점,대구 북구 금호동 806번지,08:00~24:00,053.311.8497
257,270,용산아이파크몰점,"서울특별시 용산구 한강대로 23길 55, 5층 5-2호",10:00~23:00,02.2012.0500
258,269,안산선부역점,"경기도 안산시 단원구 선부광장로 27 115,116호","평일 8:00~25:00 , 금/토 8:00~26:00",031.405.0407
259,268,안양명학역점,경기도 안양시 만안구 덕천로 54  에버앤비스퀘어 1층,"평일 07:30 ~ 23:00 / 주말, 공휴일 10:00 ~ 22:00",031.464.8497
260,267,평택 안중점,"경기도 평택시 안중읍 안현로 338, 1층","09:00~22:00(평일,주말 동일)",031.684.0133
261,266,청주사천점,"충청북도 청주시 청원구 사뜸로 95, 1층",09:00 ~ 23:00,043.215.8497
262,265,안성휴게소하행점,경기도 안성시 원곡면 반제리 642-6 안성휴게소하행,"24시간 영업 (평일, 주말 동일)",031.655.0531
263,264,수원망포점,"경기도 수원시 영통구 영통로 174번길 5, 1층 101호",08:00 ~ 23:00,031.204.8497
264,263,목동 하이페리온 2점,"서울특별시 양천구 오목로 300, 하이페리온 2차 205동 106호",09:00 ~ 23:00,02.2640.1666
265,262,광주화정역점,광주광역시 서구 상무대로 1048,08:00 ~ 23:00,062.384.8497
266,261,춘천메가박스점,강원도 춘천시 온의동 587-8,8:00 ~ 23:00,033.253.8497
267,260,몰오브광양점,전라남도 광양시 금호동 624-24 몰오브광양 104호,"8시~23시 (평일,주말,공휴일 동일)",070.8848.8497
268,259,강릉올림픽파크점,강원도 강릉시 포남동 296,09:00~23:00,033.653.9696
269,258,울산매곡점,울산광역시 북구 괴정1길 122(매곡동 616-8),09:00~23:00,052.285.2013
270,257,대구 성서이곡점,대구광역시 달서구 달구벌대로 251길 25,"일~목 10:00~02:00, 금~토 10:00~03:00",053.583.8497
271,256,대구 만촌점,대구시 수성구 화랑로 114(1329-32),평일:08:00~24:00 주말09:00~24:00,053.745.8497
272,255,군산 나운점,전라북도 군산시 공단대로 117 (나운2동 338),"평일,공휴일 09:00~23:00",063.442.2000
273,254,경기 광주역점,경기 광주시 장지동 42-4 대광프라자1층,"평일 07:00~23:00 / 주말, 공휴일 08:00~23:00",031.763.8497
274,253,대구서재점,"대구광역시 달성군 다사읍 서재로7길 8 1,2층","평일, 주말, 공휴일 동일 09:00~24:00",053.582.8792
275,252,파주지혜의숲점,경기도 파주시 회동길 145,08:00~22:00,031.955.0099
276,251,순천 조례점,"전라남도 순천시 태봉길 41 드림프라자 (101,201호)",09:00~23:00,061.724.8497
277,250,창동점,서울특별시 도봉구 창5동 715-14 2층,,02.461.1942
278,249,삼척해변점,강원도 삼척시 갈천동 14번지 테마타운 제4동 102호,"평일,주말 동일 08:00~23:00",033.575.2746
279,248,여수역점,전라남도 여수시 망양로2 여수엑스포역사,"평일 08:00~19:30 / 주말, 공휴일 08:00~21:00",061.666.8497
280,247,제주 탑동점,제주특별자치도 제주시 일도 1동 1276-7,"평일, 토요일, 주말, 공휴일 동일 09:00~23:00",064.724.8497
281,246,제주 유수암점,"대한민국 제주특별자치도 제주시 애월읍 유수암리 1014, 102호","평일, 토요일, 주말, 공휴일 동일 08:00~21:00",064.799.8496
282,245,거제장평점,경상남도 거제시 장평동 141-1  1층,,055.635.8497
283,244,경산중앙병원점,경상북도 경산시 백천동 4-2 경산중앙병원 1층,,053.811.8490
284,243,대구 영남대점,경상북도 경산시 조영동 247-5,,053.813.8497
285,242,김포구래점,경기도 김포시 김포한강9로 80 다온프라자 110호,"평일, 주말, 공휴일 동일 08:00~01:00",031.986.8497
286,241,인천서창점,"인천시 남동구 서창동 708-3 비젼프라자 109, 110호","평일, 토요일 07:00~02:00 / 주말, 공휴일 07:00~24:00",032.467.8497
287,240,남경주IC점,경상북도 경주시 외동읍 산업로 2747,"평일, 주말, 공휴일 동일 08:00~22:00 (둘째주, 넷째주 화요일 휴무)",0507.1316.6767
288,239,아산 테크노밸리점,"충청남도 아산시 둔포면 아산밸리중앙로 85, 1동 105호","평일, 주말, 공휴일 동일 08:00~23:00",041.532.6112
289,238,온양점,"충청남도 아산시 온천대로 1462, 온양제일오텔 1층","평일,주말 동일 : 10:00 ~ 21:30",041.423.2122
290,237,당진시청점,"충남 당진시 시청2로 20, GJ빌딩 101호","평일: 07:00~22:00 / 주말, 공휴일: 09:00~22:00",041.354.9117
291,236,안동성소병원점,경상북도 안동시 서동문로 99,"평일, 주말: 08:00~20:00",054.854.2466
292,235,연세우리라운지점,서울특별시 서대문구 연세로 50-1,월-금 07:00~19:00 / 토 08:00~15:00 / 일요일 휴점,02.363.6663
293,234,부산남천점,부산광역시 수영구 황령대로 487,"월~목 08:00-23:00 / 금,토 08:00-24:00 / 일 08:00-23:00",051.611.8497
294,233,대전우송대점,대전광역시 동구 백룡로 6,"월-목, 공휴일 09:00~01:00 / 금, 주말 09:00~02:00",042.626.8497
295,232,원주상지대점,강원도 원주시 우산로 37,"평일,주말,공휴일 동일8:30~11:30(매월첫째주월요일휴무)",033.746.8497
296,231,목포신항만점,전라남도 목포시 신항로 264,"평일, 주말, 공휴일 동일 07:00~22:00",061.463.8497
297,230,구미 상모점,경상북도 구미시 박정희로 101,"평일, 주말, 공휴일 동일 08:00~24:00",054.463.8497
298,229,부산대정문점,부산광역시 금정구 장전동 400-31번지,"평일, 주말, 공휴일 동일 09:00~22:00",051.583.8497
299,228,부천현대중동점,경기도 부천시 원미구 석천로177번길 38,08:00~24:00(평일/주말 동일),032.322.8497
300,227,포항송도비치점,포항시 남구 희망대로 1245,"평일, 주말, 공휴일 동일 09:00-01:00",054.251.7800
301,226,세종퍼스트점,"세종특별자치시 나리로 38, 108,109호 (한솔동, 상가동)","평일 09:00~23:00 / 주말, 공휴일 09:00~22:30",044.865.8497
302,225,대천해수욕장점,충남 보령시 해수욕장4길 18,"평일,주말,공휴일 동일 09:00 ~ 24:00",041.931.9319
303,224,울산 명촌점,울산광역시 북구 진장동 757-10 2층,"평일, 주말, 공휴일 동일 10:00~01:00",052.289.8497
304,223,대구 현풍테크노점,대구광역시 달성군 테크노대로 24,"평일,주말,공휴일 동일 08:00 ~ 23:00",053.611.8497
305,222,청담사거리점,서울특별시 강남구 도산대로 509 (미래메디컬허브빌딩 1층),월~토요일 08:00~22:00 / 일요일 11:00~21:00,02.517.2723
306,221,울산신정점,울산광역시 남구 동산로29번길 4,"(평일, 휴일) 08:30 ~ 22:30",052.256.8479
307,220,시화 이마트점,경기도 시흥시 정왕대로 210,"평일, 주말, 공휴일 동일 10:00~23:00 (매월 2,4주 일요일 이마트 휴무)",031.431.8497
308,219,청주 서원대점,충청북도 청주시 서원구 서원남로 24,"평일,주말, 공휴일  : 08:00~23:00",043.285.8497
309,218,부산대병원점,부산광역시 서구 까치고개로197번길 3,"평일, 주말, 공휴일 동일 08:00~23:00",051.248.8497
310,217,포항효자강변점,경상북도 포항시 남구 효자동 590-3,"평일, 주말, 공휴일 동일 10:00~23:00",054.283.8497
311,216,안산상록수점,경기도 안산시 상록구 용신로 383,"평일, 주말, 공휴일 동일 24시간",031.408.8497
312,215,삼성DSR점,경기도 화성시 삼성1로5길 6,"(평일) 08:00~23:00 / (주말,공휴일) 11:30~19:00",031.613.9377
313,214,거제수월점,경상남도 거제시 해명로 24,"평일, 주말, 공휴일 동일 09:00~23:00",055.637.1213
314,213,대구수성점,대구광역시 수성구 명덕로 373,"월,화,목 09:00~01:00 / 수 10:00~01:00 / 금,토 09:00~02:00 / 일 09:00~01:00",053.745.5566
315,212,구미신평대로점,경상북도 구미시 신평동 326-2번지 외 2필지,"평일,주말,공휴일 동일 08:00~24:00",054.461.8998
316,211,충장행복,광주광역시 동구 중앙로 160번길 3,"월-목,일 09:00~01:00  / 금-토 09:00~02:00",062.233.5666
317,210,천안 성정점,충남 천안시 서북구 성정동 1321 프라지움 5차 118-121호,"일~수 08:00~02:00, 목~토 24시간",041.556.8497
318,209,부산 구포점,부산 북구 구포동 산 46-1,"평일, 주말, 공휴일 동일 09:00~24:00",051.338.1300
319,208,대구 신암,대구 동구 신암동 216-16번지,"평일, 주말 24시간 운영",053.958.3738
320,207,성주성밖숲점,경북 성주군 성주읍 경산리 370-1,"평일,주말,공휴일 동일  09:00~23:00",054.931.0005
321,206,대구황금점,대구 수성구 청수로 130,24시간,053.766.8497
322,205,인천공항점,인천 중구 운서동 인천국제공항여객터미널 [에어사이드 FB-P5-34],"평일, 주말, 공휴일 동일 06:00~22:00",032.743.7510
323,204,부산미남역점,부산 동래구 온천동 1422-1,"평일,주말,공휴일 동일 08:00~23:00",051.505.8497
324,203,목포 용해점,전남 목포시 용해동 980-2,"평일, 주말 동일 09:00~24:00",061.279.4112
325,202,영천시청점,경북 영천시 문외동 253-5,"평일,주말,공휴일 동일 09:00~24:00",054.331.3864
326,201,전주서신여울점,전북 전주시 완산구 서신동 932-8,월~토 09:00 - 01:00 / 일 09:00 - 12:00,063.252.1642
327,200,인천시청점,인천광역시 남동구 구월남로 150 (나이스뷰 1층),"평일,주말,공휴일 동일 08:00~23:00",032.432.8497
328,199,부산태종대점,부산광역시 영도구 태종로 794,"평일, 주말, 공휴일 동일 10:00~22:00",051.403.1447
329,198,나주빛가람점,전라남도 나주시 빛가람동 692-2,"평일, 주말, 공휴일 동일 10:00~10:00",061.332.4220
330,197,울산학성공원점,울산 중구 반구동 582-7,"평일,주말,공휴일 동일 10:00~23:00",052.295.8497
331,196,대구시지점,대구 수성구 신매동 567-58,"월~목 09:00~01:00, 금~일 09:00~02:00",053.794.8497
332,195,충북혁신도시점,"충북 음성군 맹동면 두성리 충북혁신도시 CC2블럭 1-1 롯트 파스텔시티107,108,204호","평일 8:00~22:00 / 주말, 공휴일 10:00~22:00",043.883.8497
333,194,김포사우점,"경기 김포시 사우동 924 제우스 프라자 109호, 110호 일부","평일,주말,공휴일 동일  08:00 ~ 23:00",031.985.8497
334,193,서울숲점,서울 성동구 성수동1가 14-18,평일 07:00~23:00 / 주말 09:00~23:00,02.2117.0900
335,192,제주종합청사점,제주 제주시 도남동 694-3,"평일 07:30~23:00 / 주말,공휴일 8:00~23:00",064.702.8497
336,191,대구봉무공원점,대구 동구 봉무동 531-2번지,"평일,주말,공휴일 동일 09:00~24:00",053.984.8497
337,190,광주시청로점,광주 서구 치평동 1231-3,일~목 08:00~23:00 / 금~토 08:00~24:00,062.381.9805
338,189,오산시청,경기도 오산시 원동 811-6 103호,"평일,주말 08:00~24:00",031.374.8497
339,188,선릉이노센스점,서울특별시 강남구 테헤란로63길 11 (이노센스빌딩 1층),평일 07:00~23:00 / 토요일 10:00~22:00 / 일요일 휴무,02.555.8497
340,187,울산혁신도시점,울산 중구 우정동 상2-7-1(3)BL,"평일,주말,공휴일 동일 8:00-22:00",052.245.8417
341,186,제주 제원점,제주 제주시 연동 273-4,"평일, 주말, 공휴일 동일 09:00~03:00",064.745.8497
342,185,분당 양지점,경기 성남시 분당구 수내동 58-1,"평일 08:00 ~ 23:00 / 주말, 공휴일 09:00 ~ 23:00",031.713.8570
343,184,부산종합터미널점,부산 금정구 중앙대로 2238,"평일,주말,공휴일 동일 10:00~19:00",051.581.8497
344,183,구미오태점,경상북도 칠곡군 북삼읍 금오대로2길 48 2층,"주중, 주말 동일 09:00- 24:00",054.975.8497
345,182,세종라온점,"충남 연기군 조치원읍(세종시 도담동) 1-4생활권 라온프라이빗 시티1, 113호",평일 07:00~23:00 / 주말 10:00~23:00,044.868.8496
346,181,경북 상주점,경북 상주시 냉림동 363번지 외 2칠지,월~토 09:00-23:00 / 일요일 09:00-22:30,054.534.0800
347,180,광주 효천점,광주광역시 남구 효우2로 26,"평일, 주말, 공휴일 동일 09:00~24:00",062.674.8497
348,179,소래포구점,인천 남동구 소래역로 46번길 20 (남동구 논현동 676-1),"평일,주말,공휴일 동일 10:00~22:00",032.442.8497
349,178,진주모다점,경남 진주시 정촌면 예하리,"평일, 주말,공휴일 동일 11시 ~ 21시",055.923.1040
350,177,대구 앞산정은점,대구 남구 대명동 506-3번지,"평일, 주말, 공휴일 동일 10:00~01:00",053.657.6007
351,176,대구 두류점,대구 달서구 달구벌대로 1796,"평일, 주말, 공휴일 동일 08:00~03:00",053.656.8655
352,175,김해 인제대,경남 김해시 삼방동  172-3 (김해시 활천로 255번길 4),"평일,주말,공휴일 동일 09:00~23:00",055.339.8497
353,174,제주 노형로타리점,제주 제주시 다랑곶길 4번지,9:00~01:00,064.748.8497
354,173,대구신서혁신도시점,대구 동구 각산동 1080-2 (각산로 1080-2),"평일,주말,공휴일 동일 09:00~24:00",053.965.8497
355,172,제주일도점,제주 제주시 일도2동 360-11,"평일,주말,공휴일 08:00~23:00",064.755.8497
356,171,오창2산단점,충청북도 청주시 청원구 오창읍 2산단로 114 1층,"평일,주말,공휴일 동일 08:00~23:00",043.217.8497
357,170,대전한남대점,"대전 대덕구 오정동 172-20, 21, 226-36","평일, 주말, 공휴일 동일 08:00~02:00",042.223.8497
358,169,당진 CGV점,충남 당진시 읍내동 1532번지 외 3필지 당진CGV 1층,"평일,주말, 공휴일 동일 08:00~23:00",041.352.7730
359,168,전남대점,광주 북구 호동로 15 (용봉동 161-17),"평일, 주말, 공휴일 동일 10:00~04:00",062.251.9655
360,167,수완로점,광주광역시  광산구 수완로 73번길 3 (광주 광산구 수완동1128),"월,목 09:00~24:00 / 금 09:00~01:00 / 토 10:00~01:00 / 일 10:00~23:00",062.954.3624
361,166,목포석현점,전남 목포시 석현동 1168-25 (옥암로 173),"평일, 주말, 공휴일 동일 07:00~24:00",061.287.8497
362,165,거제고현점,경남 거제시 고현동 33-12번지,"월~목 09:00~24:00 / 금,토 09:00~25:00 / 일,공휴일 09:00~24:00",055.637.8497
363,164,대왕암공원점,울산 동구 일산동 903-5 대왕암상가 5동 2호,"평일,주말,공휴일 동일 09:00~23:00",052.234.8497
364,163,서면솔라리아니스테츠호텔점,부산광역시 부산진구 서면로 22,월~토 08:00~01:00 / 일 08:00~24:00,051.801.9971
365,162,청주 수암골점,충북 청주시 상당구 수동 91-2외 2필지,"평일, 주말, 공휴일 동일 10:00~24:00",043.222.8497
366,161,언양점,울산광역시 울주군 언양읍 동부8길 14,"평일, 주말, 공휴일 동일 09:00 ~ 22:00",052.264.8497
367,160,선정릉역점,서울특별시 강남구 선릉로121길 6 (1층),"평일 07:00~22:30 / 주말,공휴일 08:00~21:30",02.518.8497
368,159,수서점,서울 강남구 수서동 461-26 (강남구 광평로 236),"평일,주말,공휴일 동일 10:00~22:30",02.445.2106
369,158,동강병원점,울산광역시 중구 태화로 239,"평일,주말,공휴일 동일 07:30~21:30",052.244.8497
370,157,분당KT계원점,경기 성남시 분당구 정자동 139-7,"평일 08:00~22:30 / 토,일 10:00~22:00",031.711.8397
371,156,광주유스퀘어점,광주 서구 광천동 유스퀘어 광천터미널,"평일,주말,공휴일 동일 07:00~23:00",062.364.0015
372,155,신제주점,제주시 오라2동 3100-3,"평일, 주말, 공휴일 동일 08:00~23:00",064.747.8297
373,154,전주 중화산점,전북 전주시 완산구 중화산동 2가 770-1,월-토 09:00~06:00 / 일 09:00~02:00,063.225.8497
374,153,구미봉곡점,경상북도 구미시 봉곡동 297-7,"평일,주말,공휴일 동일 08:00 ~ 01:00",054.458.8497
375,152,울산장생포점,울산광역시 남구 장생포고래로 257-1(매암동)  카페 파스쿠찌,"(월) 08:00~15:00 / (화~금) 08:00~19:00 / (주말,공휴일) 10:00~19:00",052.260.8497
376,151,충북증평점,충청북도 증평군 증평읍 중동리 58  1층,"평일,주말,공휴일 8시~23시",043.836.8497
377,150,중구 무궁화점,울산 중구 반구동 22-4번지,"(평일, 주말) 08:00~01:00",052.297.8497
378,149,연세세브란스2호점,서울시 서대문구 연세로 50-1 신촌세브란스 암병원 지상5층,월-금 07:00~19:00 / 토 08:00~15:00 / 일요일 휴점,02.2227.8273
379,148,연세세브란스1호점,"서울특별시 서대문구 연세로 50-1, 연세암센터 B1 파스쿠찌","평일 07:00~23:00 / 주말, 공휴일 07:00~22:00",02.2227.8276
380,147,부산남산점,부산 금정구 구서동 1032-9,"평일, 주말, 공휴일 동일 09:00~22:00",051.516.8497
381,146,수지구청점,경기 용인시 수지구 풍덕천동 1195,09:00~23:00,031.897.8497
382,145,포항 지곡점,경북 포항시 남구 이동 53번지,"평일,주말,공휴일 09:00~02:00",054.282.8497
383,144,부산해운대점,부산 해운대구 우동 618-18번지,"평일,주말,공휴일 동일 24시간",051.744.8498
384,143,제주 이도점,제주특별치도 제주시 이도이동1986-20,"평일,주말,공휴일 동일 08:00~23:00",064.724.4715
385,142,교대메가스터디점,서울 서초구 서초동 1671-2번지,"평일 07:00~23:00 / 주말, 공휴일 08:00 ~ 23:00",02.3486.8497
386,141,서산 호수공원점,충남 서산시 읍내동 50-3 1층,"평일 09:00~24:00 / 주말,공휴일 09:30~24:00",041.665.8497
387,140,제주 용담해안도로점,제주 제주시 용담3동 2319-1,"평일, 주말, 공휴일 동일 09:00~23:00",064.711.3001
388,139,분당서울대병원점,경기도 성남시 분당구 구미로 173번길 82 분당서울대병원 본관 1층 일부,"평일, 주말, 공휴일 동일 07:00~21:00",031.718.8497
389,138,광주황금점,광주 동구 황금동 19-1,"월-목,일 10:00~01:00 / 금-토 10:00~02:00",062.225.8497
390,137,부평시장역점,인천광역시 부평구 부평대로 75 (한화생명사옥 1층),(평일) 08:00~23:00 / (주말) 09:00~23:00,032.529.1966
391,136,청주터미널점,충북 청주시 흥덕구 가경동 1449 청주시외버스터미널 2층,"평일,주말,공휴일 동일 05:30~23:00",043.232.8350
392,135,구월로데오점,인천광역시 남동구 인하로489번길 28 (로데오프라자 201호),"평일,주말,공휴일 동일 24시간",032.421.8497
393,134,전북도청점,전북 전주시 완산구 효자동 2가 1234-2,"평일, 주말, 공휴일 동일 08:00~23:00",063.223.8497
394,133,울산 성남점,울산광역시 중구 성남동 191-27 2F,,052.246.8497
395,132,삼천포점,경상남도 사천시 주공로 23,"평일, 주말, 공휴일 동일 09:00~24:00",055.835.0497
396,131,울산번영점,울산 남구 달동 1356-12,"평일,주말,공휴일  am8시~pm12시",052.227.8497
397,130,상무 DY점,광주 서구 마륵동 162-7,"평일, 주말, 공휴일 동일 08:00~23:00",062.374.8497
398,129,춘천 거두점,강원도 춘천시 동내면 춘천순환로 128 1층,"평일,주말, 공휴일 08:00  ~  23:00",033.262.8497
399,128,평택역점,"경기도 평택시 평택시 평택2로 19-2, 1층(평택동)","평일, 주말, 공휴일 동일 08:00~23:00",031.656.8497
400,127,탄현제니스스퀘어점,경기도 고양시 일산서구 탄현동 297번지 169호,일~목 07:00~23:00 / 금~토 07:00~24:00,031.916.3123
401,126,대전 탄방역점,대전 서구 탄방동 645,"평일, 주말, 공휴일 동일 09:00~22:00",042.382.8497
402,125,안양예술공원점,안양시 만안구 석수동 825,"평일,공휴일 7시~23시 /토,일 24시",031.473.8297
403,124,의정부역점,경기도 의정부시 의정부동 493-3 웨딩팰리스 1층,08:00~23:00,031.876.8497
404,123,뱅뱅사거리점,서울시 서초구 서초동 1340-11번지 1층,"월~금 : 07:00~22:00, 토요일/공휴일 : 09:00~22:00 일요일 : 휴점",02.587.8497
405,122,원주봉화산점,"강원도 원주시 봉화로35-1(단계동,2층)","월-토 08:00~01:00 / 주말, 공휴일 09:00~01:00",033.747.8497
406,121,퀸벨호텔점,대구시 동구 동촌로 200 퀸벨호텔 1층,"주중, 주말 동일 09:00~22:00",053.261.8497
407,120,익산 모현점,전북 익산시 모현동 1가 836,"월-토,공휴일 09:00~01:00 / 일요일 09:00~24:00",063.856.8497
408,119,여수 여서점,전남 여수시 여서동 220-5 향군회관 1층,"평일, 주말, 공휴일 동일 09:00~24:00",061.921.3332
409,118,거제장승포점,경남 거제시 장승포동 701-6번지,"평일, 주말, 공휴일 동일 09:00~23:00",055.681.3955
410,117,대구동성로광장점,"대구광역시 중구 동성로3가 67-1 1,2층","평일,주말 동일  08:00~02:00",053.255.8497
411,116,전남대병원점,광주광역시 동구 학동 67,"평일,주말, 공휴일 07:00  ~  23:00",062.223.8497
412,115,신촌연세대점,서울시 서대문구 창천동 9-20,"월~목,일 11:00~24:00  금~토 11:00~02:00",02.393.8004
413,114,울산 구영점,울산광역시 울주군 범서읍 구영리 395-5번지,"주말, 공휴일 동일 08:00~24:00",052.243.8497
414,113,삼산 무궁화점,울산광역시 남구 삼산동 188-1번지,"주중, 주말 동일 08:00~24:00",052.256.8497
415,112,제주노형점,제주특별자치도 제주시 노형동 710-3 추산엘리시아빌딩 2층 B1호,"월-금 7:00~24:00 / 토,일,공휴일 8:00~24:00",064.747.8497
416,111,구미금오산점,경상북도 구미시 금오산로 219,"주중, 주말 동일 00:00~24:00",054.456.3366
417,110,광주 신창점,광주광역시 광산구 신창동 1224-1,"평일, 토 08:00~01:00, 일 09:00~24:00",062.959.8497
418,109,대덕 벨리점,대전광역시 유성구 용산동 576번지 (테크노중앙로 153번지),평일 07:30~23:00 / 주말 09:00~23:00,042.936.8497
419,108,청주 봉명점,충청북도 청주시 흥덕구 봉명동 2861번지 1층,"일-수요일, 공휴일 10:00~01:00 / 목-토요일 10:00~02:00",043.267.8497
420,107,문정법조단지,서울시 송파구 문정동 400-7,,02.408.8497
421,106,목포북항점,"전남 목포시 고하대로 730, 1층",(월~금) 07~24시 / (주말) 08시~24시,061.277.8497
422,105,달동목화점,울산광역시 남구 달동 1278-1번지,"(주중, 토요일)10:00-24:00 / (일요일) 09:00-00:00",052.2678.497
423,104,익산 영등점,전북 익산시 영등동 747-7,월-토 08:00-05:00 / 일 08:00~24:00,063.836.8497
424,103,울산시청점,울산광역시 남구 신정동 186-11번지,평일 08:00~22:00 / 주말 11:00~18:00,052.257.3237
425,102,대전청사점,대전시 서구 월평동 236번지,평일(월-토) 08:00~24:00 / 일요일 08:00~23:00,042.487.8497
426,101,광교도청역점,"경기도 수원시 영통구 이의동 1351-1 태영데시앙 104,105호","평일,주말(공휴일포함) 08:00-22:00",031.214.8497
427,100,충주연수점,충북 충주시 연수동 1475,"평일(월-금) 09:00-24:30 ,주말(공휴일) 09:00-24:30",043.843.8497
428,99,충남 홍성점,충남 홍성군 홍성읍 대교리 392-1,"평일, 주말, 공휴일 동일 09:00~23:00",041.633.8497
429,98,평화광장점,전라남도 목포시 상동 1137,(일-목) 08:00~24:00 / (금-토) 08:00~01:00,061.287.3622
430,97,에스프레소바 양재,서울시 서초구 남부순환로 2620 1층,"평일 07:00~23:00 / 주말,공휴일 08:00~22:00",02.3462.8497
431,96,광주 충장점,광주광역시 동구 광산동 79-6,(일-목) 10:00~02:00 / (금-토) 10:00~04:00,062.222.8497
432,95,대구 칠곡3지구점,대구광역시 북구 동천동 904-1,"주중, 주말 동일 00:00 - 24:00",053.313.5757
433,94,여의도 KBS 본관점,서울시 영등포구 여의도동 17-10 교육시설공제회관 1층,평일 07:00- 23:00 주말(공휴일) 08:00-23:00,02.783.8497
434,93,종로2가점,서울시 종로구 관수동 3-1,"평일(월-목)07:00-23:00,주말(금~일) 07:00~02:00",02.2275.8497
435,92,삼성역점,서울시 강남구 삼성동 168-21 석광빌딩 1층,"평일 07:00~22:00, 주말+공휴일 09:00~22:00",02.564.7811
436,91,태화강대공원점,울산광역시 중구 태화동 482-10번지,"주중,주말 동일 08:00~24:00",052.245.8497
437,90,논현역점,서울시 강남구 논현동 122-8 동화히스110호,"월~토 08:00-23:00 / 일,공휴일  09:00-23:00",02.3443.8497
438,89,여수교동점,전라남도 여수시 교동 345-3,"평일, 주말, 공휴일 동일 09:00~22:00",061.662.8497
439,88,구미인동점,경상북도 구미시 인동남길 130,"주중, 주말 동일 00:00~24:00",054.471.2525
440,87,영풍문고IFC점,서울 영등포구 여의도동 23 IFC B2F 영풍문고내,"평일(월-금)10:00-22:00 주말(토,일)+공휴일10:00-22:00",02.6137.5691
441,86,부천소풍점,경기도 부천시 원미구 송내대로 239  (상동 소풍 2층 F01-2호),"평일,주말 동일 10:30-22:00",032.624.7721
442,85,포항 중앙점,경상북도 포항시 북구 대흥동 725,평일 09:00-23:00 주말(공휴일) 09:00-24:00,054.253.8497
443,84,장미의거리점,전라남도 목포시 상동 1003-1 1층,"평일, 주말, 공휴일 동일 09:00~01:00",061.285.8497
444,83,인천작전역점,인천시 계양구 작전동 864-24 2층,"평일,주말,공휴일 동일 09:00~24:00",032.545.8497
445,82,평택 서정점,경기도 평택시 서정동 801-9,평일(월-금) +주말 + 공휴일 08:00 -24:00,031.611.4532
446,81,대구수변공원점,대구광역시 달서구 도원동 949-1,"(평일, 주말) 09:00~01:00",053.638.8497
447,80,수원역 로데오점,경기도 수원시 팔달구 매산로1가 57-69,평일(월-금) +주말 + 공휴일 08:00 -24:00,031.256.5957
448,79,인천 스퀘어원점,"인천광역시 연수구 청능대로 210, 스퀘어원 (3F)","평일,주말, 공휴일 동일 10:30 - 22:00",032.456.4346
449,78,화명산성로,부산 북구 화명동 1567-22번지,"평일,주말(공휴일포함) 09:00 - 21:00",051.710.8197
450,77,여수 엑스포점,여수시 수정동 215-1,"평일, 주말, 공휴일 동일 07:00~24:00",070.4417.9996
451,76,국악고점,서울시 강남구 개포동 1197-2,"평일 07:00 - 23:00/ 주말,공휴일 9:00~23:00",02.3495.0090
452,75,강남구청역점,서울특별시 강남구 선릉로 131길 12(1층),"평일 07:20~24:00 / 주말,공휴일 08:20~23:00",02.3444.8497
453,74,금정역점,경기도 군포시 산본동 266-5,"평일 07:30 - 23:30, 주말(공휴일 ) 08:00-24:00",031.399.8497
454,73,메세나폴리스점,서울시 마포구 합정동 418-1,일-수: 08:00~23:00 / 목-토: 08:00~23:30,02.325.4100
455,72,광천터미널점,광주광역시 서구 농성공 460-24,"평일,주말, 공휴일 동일 07:30~23:00",062.368.8497
456,71,울산달동점,울산광역시 남구 달동 1394-14,"평일,주말(공휴일포함) 08:00 - 01:00",052.267.8491
457,70,청주금천점,충청북도 청주시 상당구 금천동 301번지,일~목 10:00-02:00/ 토~일10:00-3:00,043.294.8497
458,69,오산대점,경기도 오산시 궐동 93-2 모터프라자1층,평일 08:30-23:00 / 주말 10:00-23:00,031.373.8497
459,68,진해점,경남 창원시 진해구 여좌동 760-286번지,"평일,주말(공휴일포함) 09:00 - 23:00",055.544.8497
460,67,천안역점,충청남도 천안시 동남구 대흥동 124-2 1~2,"평일,주말(공휴일) 08:00-24:00",041.555.8497
461,66,충북대 중문점,충청북도 청주시 흥덕구 사창동 156-5,"일~목 10:00~01:00 / 금~토, 공휴일 전일 10:00~02:00",043.264.8497
462,65,인천 엠파크점,인천광역시 서구 봉수대로 158,"평일 08:00-21:00, 주말 09:00-20:00",032.581.3232
463,64,구미시청점,경상북도 구미시 송정동 459번지,평일 08:00~02:00 / 주말 09:00~02:00,054.452.8297
464,63,청주하복대점,충북 청주시 흥덕구 북대동 2646 1층,"평일, 주말, 공휴일 동일 24시간",043.237.8497
465,62,동촌유원지점,대구광역시 동구 효목동 1087-6,(일~금) 09:00 - 01:00 / (토) 09:00 - 02:00,053.939.8497
466,61,서울시청점,서울 중구 태평로 1가 29-2,"(평일) 07:30-23:00 / (토) 08:00-22:00 / (일,공휴일) 08:00-18:00",02.730.8497
467,60,스마트시티점,대전시 유성구 도룡동 4-7번지 스마트504동,"평일,주말 동일 08:00-22:00",042.867.8497
468,59,서여의도점,"서울 영등포구 여의도동 13 진미파라곤 1F 111호, 112호","평일 08:00-22:00,토+공휴일:09:00-21:00,일요일09:00-22:00",02.780.8497
469,58,청주 개신점,충청북도 청주시 흥덕구 개신동 52-4,평일/주말 09:00-1:00,043.264.0333
470,57,전주서신점,전라북도 전주시 완산구 서신동 889-7,평일 : 09:00~23:00 주말&공휴일 : 10:00~23:00,063.255.8497
471,56,대전가오점,대전시 동구 가오동 606 글로리타워 1층,"평일,주말 08:00~02:00",042.286.8497
472,55,청주 용암점,충청북도 청주시 상당구 용암동 1635,"월~목,일,공휴일 9:00-2:00/금,토9:00-3:00",043.283.2220
473,54,충북 오창점,충청북도 청주시 청원구 오창읍 과학산업2로 375 1층/2층,"월,수,금,일 08:00~01:00 / 화,목,토 09:00~01:00",043.213.8497
474,53,김해 삼계,경남 김해시 삼계동 1453-6,"평일,주말(공휴일포함) 10:00 - 23:00",055.333.8497
475,52,수지 성복점,경기도 용인시 수지구 성복동 401,"평일,주말 08:00-22:00",031.262.8497
476,51,대전목원대점,대전시 서구 도안북로 93번길 25,"평일, 주말, 공휴일 동일 09:00~24:00",042.826.8497
477,50,대구 수목원점,대구광역시 달서구 대곡동 1018-2,"평일,주말(공휴일포함) 09:00 - 01:00",053.636.8497
478,49,여수 소호점,전라남도 여수시 소호동 443-2 1층 카페 파스쿠찌,"평일, 주말, 공휴일 동일 10:00~00:30",061.691.1616
479,48,구월점,"인천광역시 남동구 구월동 1463 효명프라자 103호, 301호","평일,주말, 공휴일 동일 24시간 영업",032.422.8497
480,47,한국선원센터,부산 중구 중앙동4가 74-7 1F,"평일 07:30 - 21:00 / 토 09:00 - 19:00 / 일,공휴일 11:00 - 19:00",051.660.3636
481,46,울산세이브존,울산광역시 남구 삼산동 1377-9,"평일,주말(공휴일포함) 08:30 - 24:00",052.261.8397
482,45,주안역점,인천광역시 남구 주안로 116 (리가스퀘어 1층),"평일, 주말, 공휴일 동일 08:00~24:00",032.439.7070
483,44,경북하양점,경상북동 경산시 하양읍 금락리 116-358,"평일,주말(공휴일포함) 08:00 - 24:00",053.853.6767
484,43,전남도청점,전라남도 무안군 삼향면 남악리 2179,"평일, 주말, 공휴일 동일 08:00~24:00",061.284.8497
485,42,군산수송점,전라북도 군산시 수송동 804-7,"평일,주말, 공휴일 동일 09:00~23:00",063.466.9898
486,41,디큐브아트센터점,서울 구로구 신도림동 360-51 디큐브아트센터 7층,"평일,주말,공휴일 동일 08:00~23:00",02.2211.3070
487,40,인천연수역점,"인천광역시 연수구 먼우금로 217 (연수푸르지오 4단지 112호, 205호)","주중, 주말 동일 09:00-24:00",032.811.2266
488,39,잠실역점,서울 송파구 신천동 7-25 월드타워 1F,"평일,주말 동일 07:00-23:00",02.423.8497
489,38,조치원역점,"세종특별자치시 조치원읍 원리 141-2,3","평일(월-금)07:00-23:00 주말(토,일,공휴일) 08:00-24:00",02.868.8497
490,37,서울대점,서울특별시 관악구 관악로 1,"평일, 주말 공휴일 동일 08:00~22:00",02.882.8497
491,36,신포로데오점,인천광역시 중구 개항로 29-1,"평일,주말  09:00-01:00 /일,공휴일  09:00~24:00",032.777.8497
492,35,목포 한국병원점,전라남도 목포시 상동 148-1 목포한국병원내,평일(월-금)09:00-22:00 금토09:00-21:00,061.272.7887
493,34,광주 풍암점,"광주광역시 서구 풍암동 1116 현인빌딩 103호 일부,201호,202호",(일-목) 09:00~24:00 / (금-토) 09:00~01:00,062.654.8497
494,33,울산 일산테라스파크점,"울산시 동구 일산동 945번지 테라스파크 A동 109,112,113호","평일,주말,공휴일동일,24시간 운영",052.209.0310
495,32,판교도서관점,경기도 성남시 분당구 판교동 605-7,"평일 08:00-23:00 / 주말, 공휴일 09:00-23:00",031.8016.8497
496,31,울산삼산점,울산광역시 남구 삼산동 1571-10번지,"(일~목) 09:00~00:00 / (금~토,공휴일) 09:00~02:00",052.258.8497
497,30,양산점,경남 양산시 중부동 686-7 양산역프라자 109호 외,"일~목 09:00-23:00 / 금,토 09:00-24:00",055.388.8497
498,29,광주 운암 굿모닝점,광주광역시 북구 운암동 1080-9 굿모닝병원 1층,"평일, 주말, 공휴일 동일 08:00~02:00",062.531.7711
499,28,광주롯데점,"광주광역시 동구 대인동 22 1층,2층","평일, 주말, 공휴일 동일 08:00~23:00",062.710.8497
500,27,인천 부평역점,인천광역시 부평구 경원대로 1399 (2층),"평일,주말,공휴일 동일 10:30~24:00",032.506.8497
501,26,순천법원점,전라남도 순천시 왕지동 869-2 대양빌딩 1층,"평일, 주말, 공휴일 동일 08:00~22:00",061.723.0080
502,25,노원역점,서울시 노원구 상계동 724 1층,"평일(월-목), 공휴일(일) 08:00~01:00 / 주말(금,토) 08:00~02:00",02.933.8497
503,24,양재역점,서울시 강남구 도곡동 953번지,"월-토 07:00-24:00 / 일,공휴일 07:00-23:00",02.3461.8497
504,23,분당 아름점,경기도 성남시 분당구 이매동 131-5 도도빌딩 2층,"평일 08:00 - 24:00/주말,공휴일 /09:00 - 23:00 (7~8월 하절기 평일 01:00까지)",031.707.8497
505,22,대구 수성 유원지점,대구광역시 수성구 두산동 652-3,"평일,주말,공휴일 09:00~04:00",053.761.5285
506,21,목동파리공원점,서울시 양천구 목동 907-10번지 현대파리지앙,주중 주말 동일 09:00 -24:00,02.2645.8497
507,20,광주 일곡점,광주광역시 북구 일곡동 843-1,"평일,주말,공휴일 08:00 - 12:00",062.571.8497
508,19,서초효령로점,서울시 서초구 서초동 1487-4,"평일(월-금) +주말(토) 07:30-22:00, 주말(일)+공휴일 09:00-22:00 * 오후 6시 이후 주차 가능",02.522.8497
509,18,가천대점,경기도 성남시 수정구 복정동 620-2,"평일 09:00~19:00 / 토 09:00~18:00 / 일, 공휴일 휴무",031.723.8497
510,17,부산역점,부산 동구 초량3동 1187-1 부산역 2층 맞이방,"주중, 중말 동일 06:00~22:30",070.4048.0330
511,16,청주 산남점,"충청북도 청주시 흥덕구 산남동 588외1필지 두꺼비빌딩 102,103호","평일,주말 동일 09:00~24:00",043.287.8497
512,15,성남을지대점,경기도 성남시 수정구 양지동 529번지,평일_주말_공휴일 09:00-24:00,031.742.8497
513,14,레이킨스몰점,경기 고양시 일산구 대화동 2602번지  파스쿠찌 레이킨스몰점,"평일, 주말 08:00 -22:00",031.923.8497
514,13,영통구청점,경기 수원시 영통구 매탄동 1267-7 중앙프라자 1F 103호,"월-금 07:30-23:00 / 주말,공휴일 08:00-23:00",031.211.8497
515,12,화성 동탄점,"경기도 화성시 반송동 93-2번지 에스알골드프라자 118,119호 파스쿠찌  화성동탄점",평일(월-금) +주말 + 공휴일 08:00 -24:00,031.8015.3497
516,11,서울대병원점,서울시 종로구 대학로 101 서울대학교병원 본관 1F 파스쿠찌,"(평일)07:00~22:00 / (주말, 공휴일)08:00~22:00",02.765.8497
517,10,포스코센터점,서울 강남구 대치동 891-43 앰에스에이빌딩 1F 파스쿠찌 포스코센터점,"평일(월-금) 07:30-23:00, 주말(토,일)+공휴일 09:00-23:00",02.556.6121
518,9,대구동성로점,대구광역시 중구 동성로2가 70-2,일~목  08:00~24:00 / 금~토 08:00~02:00,053.428.8497
519,8,수원 인계점,"경기도 수원시 팔달구 인계동 1127-1,수원인계동 한화 꿈에그린 Park 118,119,120호",평일/ 주말 08:00~23:00,031.223.8497
520,7,수원AK점,경기도수원시 팔달구 매산로1가 수원역사 AK PLAZA 3층,08:00~23:00,031.240.1764
521,6,롯데마산점,경상남도 창원시 마산합포구 신포동2가 28,"평일,주말(공휴일포함) 09:00 - 23:00",055.240.6497
522,5,인천논현점,인천광역시 남동구 논현동 627-5번지,"일~목 08:00~24:00 / 금,토 08:00~01:00",032.433.8497
523,4,광안리점,부산시 수영구 민락동 179-2   파스쿠찌 광안리점,"월-목, 일, 공휴일 08:00~01:00 / 금,토 08:00~02:00",051.752.8497
524,3,테크노마트점,서울시 광진구 구의동 546-4 테크노마트 지하 D-10호  파스쿠찌 테크노마트점,"(주중)07:00~23:00 / (주말, 공휴일) 08:00~23:00",02.3424.1526
525,2,목포 하당점,전남 목포시 상동 889번지 파스쿠찌 목포하당점,"평일, 주말, 공휴일 동일 08:00~01:00",061.287.4110
526,1,광주수완점,전남 광주광역시 광산구 장덕동 1661,"평일 8:20~1:00, 주말 08:20~02:00",062.955.8497
